Action('p'/'s'/'w'/'r'/'A'/'R' for pause/stream/watched/resume/Add to playlist/Remove from playlist),title_id
A,2
A,13
A,20
A,6
A,20
A,9
A,12
A,6
A,2
A,1
A,1
A,1
A,2
A,2
p,4
p,4
w,4
p,4
w,4
p,4
w,4
A,21
s,21
p,21
p,21
w,21
s,12
w,12
s,12
w,12
s,5
w,5
s,5
w,5
s,5
w,5
s,5
w,5
s,3
w,3
s,8
w,8
A,12
s,20
w,20
s,19
w,19
s,4
w,4
A,2
R,2
R,21
R,12
s,1
w,1
s,1
p,1
A,1
R,1
w,1
A,4
R,4
A,8
A,8
A,8
A,9
R,8
R,9
A,1
A,2
A,3
A,4
R,1
R,2
R,3
R,4
A,1
A,1
R,1
A,1
s,1
w,1
A,2
R,2
A,2
R,2
s,2
p,2
r,2
p,2
p,2
s,2
w,2
A,13